{
    "type": "origins:restrict_armor",
    "head": {
        "type": "origins:armor_value",
        "comparison": ">",
        "compare_to": 2
    },
    "chest": {
        "type": "origins:armor_value",
        "comparison": ">",
        "compare_to": 6
    },
    "legs": {
        "type": "origins:armor_value",
        "comparison": ">",
        "compare_to": 5
    },
    "feet": {
        "type": "origins:armor_value",
        "comparison": ">",
        "compare_to": 2
    },
    "name": "Weak Body",
	"description": "Being a chameleon means you are a little bit weak, so you can't wear any armor more powerful then iron."
}
